<?xml version="1.0" encoding="UTF-8"?>
<project-private xmlns="http://www.netbeans.org/ns/project-private/1">
    <editor-bookmarks xmlns="http://www.netbeans.org/ns/editor-bookmarks/2" lastBookmarkId="0"/>
    <open-files xmlns="http://www.netbeans.org/ns/projectui-open-files/2">
        <group>
            <file>file:/C:/Users/leovi/Documents/GitHub/Desenvolvimento%20Web/Parte2/Servlet/web/Login.jsp</file>
            <file>file:/C:/Users/leovi/Documents/GitHub/Desenvolvimento%20Web/Parte2/Servlet/web/formCategorias.html</file>
            <file>file:/C:/Users/leovi/Documents/GitHub/Desenvolvimento%20Web/Parte2/Servlet/src/java/aplicacao/formsLancamentos.java</file>
            <file>file:/C:/Users/leovi/Documents/GitHub/Desenvolvimento%20Web/Parte2/Servlet/src/java/aplicacao/formsAdmin.java</file>
            <file>file:/C:/Users/leovi/Documents/GitHub/Desenvolvimento%20Web/Parte2/Servlet/src/java/aplicacao/formsCategoria.java</file>
            <file>file:/C:/Users/leovi/Documents/GitHub/Desenvolvimento%20Web/Parte2/Servlet/web/escolheForm.jsp</file>
            <file>file:/C:/Users/leovi/Documents/GitHub/Desenvolvimento%20Web/Parte2/Servlet/src/java/aplicacao/formsUsuarios.java</file>
            <file>file:/C:/Users/leovi/Documents/GitHub/Desenvolvimento%20Web/Parte2/Servlet/web/index.html</file>
            <file>file:/C:/Users/leovi/Documents/GitHub/Desenvolvimento%20Web/Parte2/Servlet/src/java/aplicacao/login.java</file>
            <file>file:/C:/Users/leovi/Documents/GitHub/Desenvolvimento%20Web/Parte2/Servlet/web/formLancamentos.html</file>
            <file>file:/C:/Users/leovi/Documents/GitHub/Desenvolvimento%20Web/Parte2/Servlet/web/Login.html</file>
            <file>file:/C:/Users/leovi/Documents/GitHub/Desenvolvimento%20Web/Parte2/Servlet/web/formUsuarios.html</file>
            <file>file:/C:/Users/leovi/Documents/GitHub/Desenvolvimento%20Web/Parte2/Servlet/src/java/aplicacao/formsContas.java</file>
        </group>
    </open-files>
</project-private>
